
INSERT INTO USERS(USERNAME,EMAIL,FIRST_NAME,LAST_NAME,PASSWORD,IS_ADMIN,CREATED_AT,UPDATED_AT)
VALUES('supertatje','tatje@test.nl','Henk','Tatje','dit wordt een hashed password',0,'2017-10-19','2017-10-19');

INSERT INTO USERS(USERNAME,EMAIL,FIRST_NAME,LAST_NAME,PASSWORD,IS_ADMIN,CREATED_AT,UPDATED_AT)
VALUES('testuser1','test@test.nl','Jan','Test','dit wordt een hashed password',0,'2017-10-19','2017-10-19');

INSERT INTO USERS(USERNAME,EMAIL,FIRST_NAME,LAST_NAME,PASSWORD,IS_ADMIN,CREATED_AT,UPDATED_AT)
VALUES('testuser2','test@test.nl','klaas','Test','dit wordt een hashed password',0,'2017-10-19','2017-10-19');

INSERT INTO USERS(USERNAME,EMAIL,FIRST_NAME,LAST_NAME,PASSWORD,IS_ADMIN,CREATED_AT,UPDATED_AT)
VALUES('testuser3','test@test.nl','Karst','Test','dit wordt een hashed password',0,'2017-10-19','2017-10-19');

INSERT INTO USERS(USERNAME,EMAIL,FIRST_NAME,LAST_NAME,PASSWORD,IS_ADMIN,CREATED_AT,UPDATED_AT)
VALUES('testuser4','test@test.nl','Jan','Klaasesn','dit wordt een hashed password',0,'2017-10-19','2017-10-19');



INSERT INTO QUALITY(NAME,BITRATE,FORMAT)
VALUES('low quality mp3',95,'.mp3');

INSERT INTO QUALITY(NAME,BITRATE,FORMAT)
VALUES('low quality wma',95,'.wma');

INSERT INTO QUALITY(NAME,BITRATE,FORMAT)
VALUES('medium quality mp3',195,'.mp3');


INSERT INTO QUALITY(NAME,BITRATE,FORMAT)
VALUES('medium quality wma',195,'.wma');


INSERT INTO QUALITY(NAME,BITRATE,FORMAT)
VALUES('high quality mp3',295,'.mp3'); 


INSERT INTO ALBUM(TITLE,ARTIST,YEAR,CREATED_AT, UPDATED_AT)
VALUES('JUST GRAB THEM BY THE PONY','NONAMES','2007','2017-10-19','2017-10-19');

INSERT INTO ALBUM(TITLE,ARTIST,YEAR,CREATED_AT, UPDATED_AT)
VALUES('JUST GRAB THEM BY THE PONY 2','NONAMES','2009','2017-10-19','2017-10-19');

INSERT INTO ALBUM(TITLE,ARTIST,YEAR,CREATED_AT, UPDATED_AT)
VALUES('JUST GRAB THEM BY THE YOU KNOW WHAT(PONY)','NONAMES','2007','2017-10-19','2017-10-19');

INSERT INTO ALBUM(TITLE,ARTIST,YEAR,CREATED_AT, UPDATED_AT)
VALUES('BETTER A BEAT THEN A BEATING','NONAMES','2009','2017-10-19','2017-10-19');

INSERT INTO ALBUM(TITLE, ARTIST, YEAR,CREATED_AT,UPDATED_AT)
VALUES('TO BEAT OR NOT TO BEAT','O LOOK A PONY','2012','2017-10-19','2017-10-19');


INSERT INTO GENRE (TITLE,DESCRIPTION,CREATED_AT, UPDATED_AT)
VALUES('SOMEWHAT HARD ROCK','THIS MAKES YOUR EARS BLEED ONLY A BIT','2017-10-19','2017-10-19');

INSERT INTO GENRE (TITLE,DESCRIPTION,CREATED_AT, UPDATED_AT)
VALUES('HARDER ROCK','THIS MAKES YOUR EARS BLEED QUITE A BIT','2017-10-19','2017-10-19');

INSERT INTO GENRE (TITLE,DESCRIPTION,CREATED_AT, UPDATED_AT)
VALUES('BRITISH ROCK','THIS MAKES YOUR EARS BLEED QUITE A BIT, BUT IN A BRITISH WAY','2017-10-19','2017-10-19');

INSERT INTO GENRE (TITLE,DESCRIPTION,CREATED_AT, UPDATED_AT)
VALUES('DUTCH ROCK','THIS MAKES YOUR EARS BLEED AN INSANE AMOUNT, ITS QUITE HORRIBLE','2017-10-19','2017-10-19');

INSERT INTO GENRE (TITLE,DESCRIPTION,CREATED_AT, UPDATED_AT)
VALUES('HARD ROCK','THIS KIND OF MUSIC IS USED BY KOREA IN INTEREGATION','2017-10-19','2017-10-19');


INSERT INTO SONGS(TITLE, ARTIEST,LENGTH,CREATED_AT,UPDATED_AT,ALBUM_TITLE,GENRE_TITLE,QUALITY_NAME)
VALUES('ITS PONY TIME','NONAMES','1:20.5','2017-10-19','2017-10-19','BETTER A BEAT THEN A BEATING','DUTCH ROCK','high quality mp3');

INSERT INTO SONGS(TITLE, ARTIEST,LENGTH,CREATED_AT,UPDATED_AT,ALBUM_TITLE,GENRE_TITLE,QUALITY_NAME)
VALUES('SADDLE YOUR PONY','NONAMES','1:25.5','2017-10-19','2017-10-19','BETTER A BEAT THEN A BEATING','DUTCH ROCK','high quality mp3');

INSERT INTO SONGS(TITLE, ARTIEST,LENGTH,CREATED_AT,UPDATED_AT,ALBUM_TITLE,GENRE_TITLE,QUALITY_NAME)
VALUES('RIDE OF YOUR LIFE','NONAMES','1:25.5','2017-10-19','2017-10-19','BETTER A BEAT THEN A BEATING','DUTCH ROCK','high quality mp3');

INSERT INTO SONGS(TITLE, ARTIEST,LENGTH,CREATED_AT,UPDATED_AT,ALBUM_TITLE,GENRE_TITLE,QUALITY_NAME)
VALUES('DEFENITION OF INSANITY','NONAMES','1:15.5','2017-10-19','2017-10-19','JUST GRAB THEM BY THE PONY','BRITISH ROCK','high quality mp3');

INSERT INTO SONGS(TITLE, ARTIEST,LENGTH,CREATED_AT,UPDATED_AT,ALBUM_TITLE,GENRE_TITLE,QUALITY_NAME)
VALUES('WHO KILLED THE PONY','NONAMES','1:25.5','2017-10-19','2017-10-19','BETTER A BEAT THEN A BEATING','HARD ROCK','high quality mp3');


INSERT INTO PLAYLIST(TITLE,DESCRIPTION,USERS_ID)
VALUES('MY PLAYLIST','This is my PLAYLIST. There are many like it, but this one is mine.
My PLAYLIST is my best friend. It is my life. I must master it as I must master my life.
Without me, my PLAYLIST is useless. Without my PLAYLIST, I am useless.',
'1');

INSERT INTO PLAYLIST(TITLE,DESCRIPTION,USERS_ID)
VALUES('MY PLAYLIST','This is my PLAYLIST. There are many like it, but this one is mine.
My PLAYLIST is my best friend. It is my life. I must master it as I must master my life.
Without me, my PLAYLIST is useless. Without my PLAYLIST, I am useless.',
'2');

INSERT INTO PLAYLIST(TITLE,DESCRIPTION,USERS_ID)
VALUES('SO MANY PONIES','This is my PLAYLIST. There are many like it, but this one is mine.
My PLAYLIST is my best friend. It is my life. I must master it as I must master my life.
Without me, my PLAYLIST is useless. Without my PLAYLIST, I am useless.',
'4');

INSERT INTO PLAYLIST(TITLE,DESCRIPTION,USERS_ID)
VALUES('SO MANY PONIES','This is my PLAYLIST. There are many like it, but this one is mine.
My PLAYLIST is my best friend. It is my life. I must master it as I must master my life.
Without me, my PLAYLIST is useless. Without my PLAYLIST, I am useless.',
'3');

INSERT INTO PLAYLIST(TITLE,DESCRIPTION,USERS_ID)
VALUES('SO MANY PONIES','This is my PLAYLIST. There are many like it, but this one is mine.
My PLAYLIST is my best friend. It is my life. I must master it as I must master my life.
Without me, my PLAYLIST is useless. Without my PLAYLIST, I am useless.',
'5');


INSERT INTO PLAYLIST_SONGS(SONGS_TITLE,PLAYLIST_ID,PLAYLIST_TITLE)
VALUES('SADDLE YOUR PONY',1,'MY PLAYLIST');

INSERT INTO PLAYLIST_SONGS(SONGS_TITLE,PLAYLIST_ID,PLAYLIST_TITLE)
VALUES('ITS PONY TIME',3,'SO MANY PONIES');

INSERT INTO PLAYLIST_SONGS(SONGS_TITLE,PLAYLIST_ID,PLAYLIST_TITLE)
VALUES('RIDE OF YOUR LIFE',3,'SO MANY PONIES');

INSERT INTO PLAYLIST_SONGS(SONGS_TITLE,PLAYLIST_ID,PLAYLIST_TITLE)
VALUES('SADDLE YOUR PONY',2,'MY PLAYLIST');

INSERT INTO PLAYLIST_SONGS(SONGS_TITLE,PLAYLIST_ID,PLAYLIST_TITLE)
VALUES('DEFENITION OF INSANITY',1,'MY PLAYLIST');


INSERT INTO CART(CREATED_AT,UPDATED_AT,USERS_ID)
VALUES('2017-10-19','2017-10-19',1);

INSERT INTO CART(CREATED_AT,UPDATED_AT,USERS_ID)
VALUES('2017-10-19','2017-10-19',2);

INSERT INTO CART(CREATED_AT,UPDATED_AT,USERS_ID)
VALUES('2017-10-19','2017-10-19',3);

INSERT INTO CART(CREATED_AT,UPDATED_AT,USERS_ID)
VALUES('2017-10-19','2017-10-19',4);

INSERT INTO CART(CREATED_AT,UPDATED_AT,USERS_ID)
VALUES('2017-10-19','2017-10-19',5);

-- TESTDATA CART_SONGS---
INSERT INTO CART_SONGS(SONGS_TITLE,CART_ID)
VALUES('SADDLE YOUR PONY', 1);

INSERT INTO CART_SONGS(SONGS_TITLE,CART_ID)
VALUES('DEFENITION OF INSANITY', 1);

INSERT INTO CART_SONGS(SONGS_TITLE,CART_ID)
VALUES('WHO KILLED THE PONY', 3);

INSERT INTO CART_SONGS(SONGS_TITLE,CART_ID)
VALUES('RIDE OF YOUR LIFE', 3);

INSERT INTO CART_SONGS(SONGS_TITLE,CART_ID)
VALUES('ITS PONY TIME', 5);
 
 
INSERT INTO LIBRARIES(TITLE,DESCRIPTION,CREATED_AT,UPDATED_AT,USERS_ID)
VALUES('MAIN LIBRARY','','2017-10-19','2017-10-19',1);

INSERT INTO LIBRARIES(TITLE,DESCRIPTION,CREATED_AT,UPDATED_AT,USERS_ID)
VALUES('MAIN LIBRARY','','2017-10-19','2017-10-19',2);

INSERT INTO LIBRARIES(TITLE,DESCRIPTION,CREATED_AT,UPDATED_AT,USERS_ID)
VALUES('MAIN LIBRARY','','2017-10-19','2017-10-19',3);

INSERT INTO LIBRARIES(TITLE,DESCRIPTION,CREATED_AT,UPDATED_AT,USERS_ID)
VALUES('MAIN LIBRARY','','2017-10-19','2017-10-19',4);

INSERT INTO LIBRARIES(TITLE,DESCRIPTION,CREATED_AT,UPDATED_AT,USERS_ID)
VALUES('MAIN LIBRARY','','2017-10-19','2017-10-19',5);

INSERT INTO LIBRARY_SONGS(SONGS_TITLE,LIBRARIES_TITLE,LIBRARIES_USERS_ID)
VALUES('ITS PONY TIME','MAIN LIBRARY',1);

INSERT INTO LIBRARY_SONGS(SONGS_TITLE,LIBRARIES_TITLE,LIBRARIES_USERS_ID)
VALUES('WHO KILLED THE PONY','MAIN LIBRARY',1);

INSERT INTO LIBRARY_SONGS(SONGS_TITLE,LIBRARIES_TITLE,LIBRARIES_USERS_ID)
VALUES('ITS PONY TIME','MAIN LIBRARY',3);

INSERT INTO LIBRARY_SONGS(SONGS_TITLE,LIBRARIES_TITLE,LIBRARIES_USERS_ID)
VALUES('ITS PONY TIME','MAIN LIBRARY',5);

INSERT INTO LIBRARY_SONGS(SONGS_TITLE,LIBRARIES_TITLE,LIBRARIES_USERS_ID)
VALUES('DEFENITION OF INSANITY','MAIN LIBRARY',1);

